,id,target
0,c0f722661,-0.4044188878196121
1,f0953f0a5,-0.46493893359896776
2,0df072751,-0.7109989862448617
3,04caf4e0c,-1.379797725670984
4,0e63f8bea,-1.29283890716504
5,12537fe78,-1.0167106658398029
6,965e592c0,-0.6703478892751457
