,id,target
0,c0f722661,-0.25617871675636805
1,f0953f0a5,-0.25617871675636805
2,0df072751,-0.25617871675636805
3,04caf4e0c,-0.25617871675636805
4,0e63f8bea,-0.25617871675636805
5,12537fe78,-0.25617871675636805
6,965e592c0,-0.2649775943467897
